sample_ID,tile_ID,treatment,deployment_block,chamber_volume_ml,dry_weight_g,surface_area_cm2,notes
20260826_005A,005A,white_copper,7,2465,0.66,53.235,
20260826_010A,010A,white_copper,4,2375,1.705,56.29,re-measured volume after calcification run
20260826_BLANK1,BLANK1,blank,NA,2445,NA,NA,re-measured volume after calcification run
20260826_002A,002A,white_copper,5,2479,4.009,55.608,
20260909_003B_RUN1,003B,black,5,2396,0.783,51.166,re-measured volume after calcification run
20260909_BLANK_B_RUN1,BLANK_B_RUN1,blank,NA,2438,NA,NA,
20260909_016A_RUN1,016A,white,7,2415,0.874,51.912,
20260909_029A_RUN1,029A,white,8,2444,1.473,54.125,
20260909_001A_RUN1,001A,white,9,2385,1.289,50.388,
20260909_028B_RUN1,028B,black,4,2390,1.494,56.092,re-measured volume after calcification run
20260909_007B_RUN1,007B,black,7,2415,1.265,51.152,
20260909_BLANK_W_RUN1,BLANK_W_RUN1,blank,NA,2393,NA,NA,
20260909_003A_RUN1,003A,white,10,2425,1.177,55.407,
20260909_001B_RUN1,001B,black,10,2483,1.276,53.799,
20260909_012A_RUN1,012A,white,3,2438,0.847,50.177,re-measured volume after calcification run
20260909_002B_RUN1,002B,black,1,2411,0.817,50.964,
20260909_004B_RUN2,004B,black,9,2414,1.172,52.951,
20260909_028A_RUN2,028A,white,4,2445,1.201,57.269,
20260909_027A_RUN2,027A,white,2,2415,0.889,49.791,
20260909_026B_RUN2,026B,black,8,2438,0.704,53.233,
20260909_BLANK_W_RUN2,BLANK_W_RUN2,blank,NA,2386,NA,NA,
20260909_026A_RUN2,026A,white,6,2386,1.373,54.12,
20260909_027B_RUN2,027B,black,6,2425,1.064,53.578,
20260909_005B_RUN2,005B,black,3,2403,0.944,55.146,
20260909_006A_RUN2,006A,white,5,2430,0.758,52.132,
20260909_BLANK_B_RUN2,BLANK_B_RUN2,blank,NA,2493,NA,NA,
20260909_030B_RUN2,030B,black,2,2440,0.589,56.086,
20260909_014A_RUN2,014A,white,1,2385,0.916,53.492,