deployment_type,tile_id,site,deployment_date,treatment,block,hobo,hobo_number,pickup_date,respo_date
pilot,014A,Turtle Bay,2026/06/14,white,1,N,NA,2026/09/09,2026/09/09
pilot,002B,Turtle Bay,2026/06/14,black,1,N,NA,2026/09/09,2026/09/09
pilot,015A,Turtle Bay,2026/06/14,white_copper,1,N,NA,2026/09/09,2026/09/09
pilot,027A,Turtle Bay,2026/06/14,white,2,Y,22264004,2026/09/09,2026/09/09
pilot,030B,Turtle Bay,2026/06/14,black,2,Y,22263995,2026/09/09,2026/09/09
pilot,013A,Turtle Bay,2026/06/14,white_copper,2,N,NA,2026/09/09,2026/09/09
pilot,012A,Turtle Bay,2026/06/14,white,3,N,NA,2026/09/09,2026/09/09
pilot,005B,Turtle Bay,2026/06/14,black,3,N,NA,2026/09/09,2026/09/09
pilot,011A,Turtle Bay,2026/06/14,white_copper,3,N,NA,2026/09/09,2026/09/09
pilot,028A,Turtle Bay,2026/06/14,white,4,Y,22263998,2026/09/09,2026/09/09
pilot,028B,Turtle Bay,2026/06/14,black,4,Y,22264000,2026/09/09,2026/09/09
pilot,010A,Turtle Bay,2026/06/14,white_copper,4,N,NA,2026/08/26,2026/08/26
pilot,006A,Turtle Bay,2026/06/14,white,5,N,NA,2026/09/09,2026/09/09
pilot,003B,Turtle Bay,2026/06/14,black,5,N,NA,2026/09/09,2026/09/09
pilot,002A,Turtle Bay,2026/06/14,white_copper,5,N,NA,2026/08/26,2026/08/26
pilot,026A,Turtle Bay,2026/06/14,white,6,Y,22263996,2026/09/09,2026/09/09
pilot,027B,Turtle Bay,2026/06/14,black,6,Y,22263999,2026/09/09,2026/09/09
pilot,007A,Turtle Bay,2026/06/14,white_copper,6,N,NA,2026/09/09,2026/09/09
pilot,016A,Turtle Bay,2026/06/14,white,7,N,NA,2026/09/09,2026/09/09
pilot,007B,Turtle Bay,2026/06/14,black,7,N,NA,2026/09/09,2026/09/09
pilot,005A,Turtle Bay,2026/06/14,white_copper,7,N,NA,2026/08/26,2026/08/26
pilot,029A,Turtle Bay,2026/06/14,white,8,Y,22264003,2026/09/09,2026/09/09
pilot,026B,Turtle Bay,2026/06/14,black,8,Y,22264001,2026/09/09,2026/09/09
pilot,004A,Turtle Bay,2026/06/14,white_copper,8,N,NA,2026/09/09,2026/09/09
pilot,001A,Turtle Bay,2026/06/14,white,9,N,NA,2026/09/09,2026/09/09
pilot,004B,Turtle Bay,2026/06/14,black,9,N,NA,2026/09/09,2026/09/09
pilot,008A,Turtle Bay,2026/06/14,white_copper,9,N,NA,2026/09/09,2026/09/09
pilot,003A,Turtle Bay,2026/06/14,white,10,N,NA,2026/09/09,2026/09/09
pilot,001B,Turtle Bay,2026/06/14,black,10,N,NA,2026/09/09,2026/09/09
pilot,009A,Turtle Bay,2026/06/14,white_copper,10,N,NA,2026/09/09,2026/09/09