"","date","site","tile_id","treatment","deployment_block","Encrusting Algae","Other","Turf","ratio"
"1",2026-09-09,"Turtle_Bay","001A","white",9,6.66666666666667,1.33333333333333,92,0.072463768115942
"2",2026-09-09,"Turtle_Bay","001B","black",10,1.33333333333333,NA,98.6666666666667,0.0135135135135135
"3",2026-09-09,"Turtle_Bay","002B","black",1,60,NA,40,1.5
"4",2026-09-09,"Turtle_Bay","003A","white",10,10.6666666666667,NA,89.3333333333333,0.119402985074627
"5",2026-09-09,"Turtle_Bay","003B","black",5,55.4054054054054,NA,44.5945945945946,1.24242424242424
"6",2026-09-09,"Turtle_Bay","004B","black",9,14.6666666666667,NA,85.3333333333333,0.171875
"7",2026-09-09,"Turtle_Bay","005B","black",3,66.2162162162162,NA,33.7837837837838,1.96
"8",2026-09-09,"Turtle_Bay","006A","white",5,49.3333333333333,NA,50.6666666666667,0.973684210526316
"9",2026-09-09,"Turtle_Bay","007B","black",7,78.6666666666667,NA,21.3333333333333,3.6875
"10",2026-09-09,"Turtle_Bay","012A","white",3,66.6666666666667,1.33333333333333,32,2.08333333333333
"11",2026-09-09,"Turtle_Bay","014A","white",1,5.33333333333333,NA,94.6666666666667,0.0563380281690141
"12",2026-09-09,"Turtle_Bay","016A","white",7,45.945945945946,1.35135135135135,52.7027027027027,0.871794871794872
"13",2026-09-09,"Turtle_Bay","026A","white",6,10.6666666666667,NA,89.3333333333333,0.119402985074627
"14",2026-09-09,"Turtle_Bay","026B","black",8,53.3333333333333,NA,46.6666666666667,1.14285714285714
"15",2026-09-09,"Turtle_Bay","027A","white",2,53.3333333333333,NA,46.6666666666667,1.14285714285714
"16",2026-09-09,"Turtle_Bay","027B","black",6,76,NA,24,3.16666666666667
"17",2026-09-09,"Turtle_Bay","028A","white",4,50.6666666666667,NA,49.3333333333333,1.02702702702703
"18",2026-09-09,"Turtle_Bay","028B","black",4,52,NA,48,1.08333333333333
"19",2026-09-09,"Turtle_Bay","029A","white",8,44.5945945945946,NA,55.4054054054054,0.804878048780488
"20",2026-09-09,"Turtle_Bay","030B","black",2,68,NA,32,2.125
