respo_date,sample_ID,tile_ID,treatment,light_dark,run_block,surface_area_cm2,dry_weight_g,umol_cm2_hr,umol_cm2_hr_uncorrected,umol_g_hr,umol_g_hr_uncorrected,mmol_cm2_hr_uncorr,mmol_cm2_hr,mmol_g_hr_uncorr,mmol_g_hr,channel_number,temp_C,light_level,average_PAR
2026-08-26,20260826_005A,005A,white_copper,dark,run1,53.235,0.66,-0.3572597417403327,-0.4646118742978504,-28.816245987191834,-37.47517140643343,-4.6461187429785045e-4,-3.572597417403327e-4,-0.03747517140643344,-0.028816245987191833,1,26.06209259259259,1,0
2026-08-26,20260826_010A,010A,white_copper,dark,run1,56.29,1.705,-0.4190705693759609,-0.5205964314598027,-13.835473519162953,-17.187315616933894,-5.205964314598027e-4,-4.190705693759609e-4,-0.017187315616933894,-0.013835473519162953,2,25.75984259259259,1,0
2026-08-26,20260826_002A,002A,white_copper,dark,run1,55.608,4.009,-0.5169745969507137,-0.6197456150901802,-7.170846442313614,-8.596361727097714,-6.197456150901802e-4,-5.169745969507137e-4,-0.008596361727097714,-0.007170846442313614,4,25.860796296296297,1,0
2026-08-26,20260826_005A,005A,white_copper,light,run1,53.235,0.66,0.7496041939554979,0.6119263562912921,60.46239282609231,49.35742360176808,6.119263562912922e-4,7.496041939554979e-4,0.049357423601768084,0.06046239282609231,1,26.222392156862742,2,120
2026-08-26,20260826_010A,010A,white_copper,light,run1,56.29,1.705,0.5542688108700996,0.4240630960352445,18.29899786737707,14.000300103122528,4.2406309603524456e-4,5.542688108700996e-4,0.01400030010312253,0.01829899786737707,2,25.962411764705884,2,120
2026-08-26,20260826_002A,002A,white_copper,light,run1,55.608,4.009,0.36001474801530003,0.22821213529673445,4.993689226149863,3.165482768665704,2.2821213529673444e-4,3.6001474801530006e-4,0.003165482768665704,0.0049936892261498635,4,26.057029411764702,2,120
2026-08-26,20260826_005A,005A,white_copper,light,run1,53.235,0.66,1.2725440827954824,1.1022177924481147,102.64224886002651,88.90388512268999,0.0011022177924481147,0.0012725440827954823,0.08890388512268997,0.10264224886002651,1,26.366411764705884,3,232.5
2026-08-26,20260826_010A,010A,white_copper,light,run1,56.29,1.705,1.0613256628029788,0.9002434089987132,35.039308832363446,29.72123254694285,9.002434089987133e-4,0.0010613256628029788,0.029721232546942856,0.03503930883236345,2,26.116911764705883,3,232.5
2026-08-26,20260826_002A,002A,white_copper,light,run1,55.608,4.009,0.8247368171252942,0.6616789825216021,11.439751790148005,9.17801069096065,6.61678982521602e-4,8.247368171252943e-4,0.009178010690960648,0.011439751790148006,4,26.168764705882353,3,232.5
2026-08-26,20260826_005A,005A,white_copper,light,run1,53.235,0.66,1.4892989077220142,1.3075636279361544,120.12549598875972,105.46689353512299,0.0013075636279361543,0.001489298907722014,0.105466893535123,0.12012549598875973,1,26.387166666666666,4,335.5
2026-08-26,20260826_010A,010A,white_copper,light,run1,56.29,1.705,1.3501139715267103,1.1782419228608683,44.57355745292582,38.8992597289374,0.0011782419228608682,0.0013501139715267104,0.0388992597289374,0.04457355745292582,2,26.1211568627451,4,335.5
2026-08-26,20260826_002A,002A,white_copper,light,run1,55.608,4.009,1.1623876114392317,0.9884076513723304,16.123235294814865,13.70999567910016,9.884076513723304e-4,0.001162387611439232,0.01370999567910016,0.016123235294814867,4,26.1656862745098,4,335.5
2026-08-26,20260826_005A,005A,white_copper,light,run1,53.235,0.66,1.6482741965360126,1.4513001701317216,132.948298261507,117.06055235903364,0.0014513001701317216,0.0016482741965360126,0.11706055235903363,0.132948298261507,1,26.414666666666665,5,465
2026-08-26,20260826_010A,010A,white_copper,light,run1,56.29,1.705,1.578051400213671,1.3917676500691971,52.09883479063198,45.94873960257777,0.001391767650069197,0.0015780514002136708,0.04594873960257777,0.05209883479063198,2,26.147088235294117,5,465
2026-08-26,20260826_002A,002A,white_copper,light,run1,55.608,4.009,1.3951082085917064,1.206539795851949,19.3512539943546,16.73566100467328,0.0012065397958519492,0.0013951082085917063,0.016735661004673278,0.0193512539943546,4,26.237313725490196,5,465
2026-08-26,20260826_005A,005A,white_copper,light,run1,53.235,0.66,1.520681567690564,1.3107359904410398,122.65679281213208,105.72277341080114,0.0013107359904410397,0.0015206815676905641,0.10572277341080114,0.12265679281213208,1,26.37606862745098,6,556
2026-08-26,20260826_010A,010A,white_copper,light,run1,56.29,1.705,1.4787280171872224,1.2801767149154437,48.81970679616935,42.26460251178318,0.0012801767149154437,0.0014787280171872225,0.042264602511783184,0.04881970679616935,2,26.10921568627451,6,556
2026-08-26,20260826_002A,002A,white_copper,light,run1,55.608,4.009,1.5026959593539766,1.3017095400459917,20.843581169308038,18.05574060934834,0.0013017095400459917,0.0015026959593539765,0.018055740609348343,0.020843581169308036,4,26.288833333333333,6,556
2026-08-26,20260826_005A,005A,white_copper,light,run1,53.235,0.66,1.5351381203976604,1.3242783946210863,123.82284521116583,106.81509142068715,0.0013242783946210864,0.0015351381203976605,0.10681509142068715,0.12382284521116584,1,26.30059803921569,7,667
2026-08-26,20260826_010A,010A,white_copper,light,run1,56.29,1.705,1.4859220987364548,1.2865062610793943,49.05721697236072,42.47357034378833,0.0012865062610793944,0.0014859220987364548,0.04247357034378833,0.04905721697236072,2,26.05627450980392,7,667
2026-08-26,20260826_002A,002A,white_copper,light,run1,55.608,4.009,1.5098335943609007,1.307972036640502,20.942585810731092,18.142606389001006,0.0013079720366405022,0.0015098335943609007,0.018142606389001007,0.020942585810731093,4,26.361039215686276,7,667
2026-08-26,20260826_005A,005A,white_copper,light,run1,53.235,0.66,1.3818421826477447,1.1179362418520593,111.45813423220103,90.17172096211269,0.0011179362418520591,0.0013818421826477447,0.09017172096211268,0.11145813423220104,1,26.388175925925925,8,781
2026-08-26,20260826_010A,010A,white_copper,light,run1,56.29,1.705,1.4090799688903555,1.1594968678376227,46.52029996999302,38.280398058991075,0.0011594968678376226,0.0014090799688903552,0.03828039805899107,0.04652029996999302,2,26.122888888888887,8,781
2026-08-26,20260826_002A,002A,white_copper,light,run1,55.608,4.009,1.587480205533741,1.3348361119094725,22.01960570449495,18.51523235496681,0.0013348361119094724,0.001587480205533741,0.01851523235496681,0.02201960570449495,4,26.173,8,781
2026-08-26,20260826_005A,005A,white_copper,light,run1,53.235,0.66,1.3949691476672674,1.1565627783976262,112.51694329707118,93.2873022848449,0.0011565627783976264,0.0013949691476672673,0.0932873022848449,0.11251694329707118,1,26.567872549019608,9,853
2026-08-26,20260826_010A,010A,white_copper,light,run1,56.29,1.705,1.3993148422319612,1.173847386767947,46.19790760659067,38.75417560185791,0.0011738473867679469,0.001399314842231961,0.038754175601857906,0.04619790760659067,2,26.30123529411765,9,853
2026-08-26,20260826_002A,002A,white_copper,light,run1,55.608,4.009,1.5559843047248108,1.3277516211528544,21.582732655808748,18.416964866317763,0.0013277516211528543,0.0015559843047248108,0.01841696486631776,0.021582732655808748,4,26.38090196078431,9,853
2026-08-26,20260826_005A,005A,white_copper,light,run1,53.235,0.66,1.383627795044804,1.1280573958940543,111.60216010486384,90.98808404609088,0.0011280573958940545,0.001383627795044804,0.09098808404609089,0.11160216010486385,1,26.37509803921569,10,922.5
2026-08-26,20260826_010A,010A,white_copper,light,run1,56.29,1.705,1.4409874004531458,1.199287450217044,47.57371306246778,39.59407071713631,0.0011992874502170443,0.0014409874004531458,0.03959407071713631,0.047573713062467785,2,26.062774509803923,10,922.5
2026-08-26,20260826_002A,002A,white_copper,light,run1,55.608,4.009,1.54949825834645,1.3048339978301546,21.492766063888595,18.09907930938868,0.0013048339978301545,0.00154949825834645,0.018099079309388682,0.021492766063888596,4,26.21627450980392,10,922.5
