deployment_type,respo_date,sample_ID,tile_ID,site,measurement_name,run_block,channel_number,blank,tile_in_water,chamber_sealed,chamber_salinity,light_level,start_time,end_time,PAR_range_min,PAR_range_max,average_PAR,light_dark
pilot,2026/08/26,20260826_005A,005A,Turtle Bay,20260826_005A_O2.csv,run1,1,0,10:00,10:11,35.6,1,10:33,10:54,0,0,0,dark
pilot,2026/08/26,20260826_005A,005A,Turtle Bay,20260826_005A_O2.csv,run1,1,0,10:00,10:11,35.6,2,10:57,11:17,115,125,120,light
pilot,2026/08/26,20260826_005A,005A,Turtle Bay,20260826_005A_O2.csv,run1,1,0,10:00,10:11,35.6,3,11:20,11:40,223,242,232.5,light
pilot,2026/08/26,20260826_005A,005A,Turtle Bay,20260826_005A_O2.csv,run1,1,0,10:00,10:11,35.6,4,11:43,12:03,320,351,335.5,light
pilot,2026/08/26,20260826_005A,005A,Turtle Bay,20260826_005A_O2.csv,run1,1,0,10:00,10:11,35.6,5,12:09,12:29,445,485,465,light
pilot,2026/08/26,20260826_005A,005A,Turtle Bay,20260826_005A_O2.csv,run1,1,0,10:00,10:11,35.6,6,12:34,12:54,533,579,556,light
pilot,2026/08/26,20260826_005A,005A,Turtle Bay,20260826_005A_O2.csv,run1,1,0,10:00,10:11,35.6,7,12:59,13:19,642,692,667,light
pilot,2026/08/26,20260826_005A,005A,Turtle Bay,20260826_005A_O2.csv,run1,1,0,10:00,10:11,35.6,8,13:24,13:45,762,800,781,light
pilot,2026/08/26,20260826_005A,005A,Turtle Bay,20260826_005A_O2.csv,run1,1,0,10:00,10:11,35.6,9,13:49,14:09,834,872,853,light
pilot,2026/08/26,20260826_005A,005A,Turtle Bay,20260826_005A_O2.csv,run1,1,0,10:00,10:11,35.6,10,14:16,14:36,905,940,922.5,light
pilot,2026/08/26,20260826_010A,010A,Turtle Bay,20260826_010A_O2.csv,run1,2,0,10:06,10:25,35.6,1,10:33,10:54,0,0,0,dark
pilot,2026/08/26,20260826_010A,010A,Turtle Bay,20260826_010A_O2.csv,run1,2,0,10:06,10:25,35.6,2,10:57,11:17,115,125,120,light
pilot,2026/08/26,20260826_010A,010A,Turtle Bay,20260826_010A_O2.csv,run1,2,0,10:06,10:25,35.6,3,11:20,11:40,223,242,232.5,light
pilot,2026/08/26,20260826_010A,010A,Turtle Bay,20260826_010A_O2.csv,run1,2,0,10:06,10:25,35.6,4,11:43,12:03,320,351,335.5,light
pilot,2026/08/26,20260826_010A,010A,Turtle Bay,20260826_010A_O2.csv,run1,2,0,10:06,10:25,35.6,5,12:09,12:29,445,485,465,light
pilot,2026/08/26,20260826_010A,010A,Turtle Bay,20260826_010A_O2.csv,run1,2,0,10:06,10:25,35.6,6,12:34,12:54,533,579,556,light
pilot,2026/08/26,20260826_010A,010A,Turtle Bay,20260826_010A_O2.csv,run1,2,0,10:06,10:25,35.6,7,12:59,13:19,642,692,667,light
pilot,2026/08/26,20260826_010A,010A,Turtle Bay,20260826_010A_O2.csv,run1,2,0,10:06,10:25,35.6,8,13:24,13:45,762,800,781,light
pilot,2026/08/26,20260826_010A,010A,Turtle Bay,20260826_010A_O2.csv,run1,2,0,10:06,10:25,35.6,9,13:49,14:09,834,872,853,light
pilot,2026/08/26,20260826_010A,010A,Turtle Bay,20260826_010A_O2.csv,run1,2,0,10:06,10:25,35.6,10,14:16,14:36,905,940,922.5,light
pilot,2026/08/26,20260826_BLANK1,BLANK1,Turtle Bay,20260826_BLANK1_O2.csv,run1,3,1,9:59,10:20,35.6,1,10:33,10:54,0,0,0,dark
pilot,2026/08/26,20260826_BLANK1,BLANK1,Turtle Bay,20260826_BLANK1_O2.csv,run1,3,1,9:59,10:20,35.6,2,10:57,11:17,115,125,120,light
pilot,2026/08/26,20260826_BLANK1,BLANK1,Turtle Bay,20260826_BLANK1_O2.csv,run1,3,1,9:59,10:20,35.6,3,11:20,11:40,223,242,232.5,light
pilot,2026/08/26,20260826_BLANK1,BLANK1,Turtle Bay,20260826_BLANK1_O2.csv,run1,3,1,9:59,10:20,35.6,4,11:43,12:03,320,351,335.5,light
pilot,2026/08/26,20260826_BLANK1,BLANK1,Turtle Bay,20260826_BLANK1_O2.csv,run1,3,1,9:59,10:20,35.6,5,12:09,12:29,445,485,465,light
pilot,2026/08/26,20260826_BLANK1,BLANK1,Turtle Bay,20260826_BLANK1_O2.csv,run1,3,1,9:59,10:20,35.6,6,12:34,12:54,533,579,556,light
pilot,2026/08/26,20260826_BLANK1,BLANK1,Turtle Bay,20260826_BLANK1_O2.csv,run1,3,1,9:59,10:20,35.6,7,12:59,13:19,642,692,667,light
pilot,2026/08/26,20260826_BLANK1,BLANK1,Turtle Bay,20260826_BLANK1_O2.csv,run1,3,1,9:59,10:20,35.6,8,13:24,13:45,762,800,781,light
pilot,2026/08/26,20260826_BLANK1,BLANK1,Turtle Bay,20260826_BLANK1_O2.csv,run1,3,1,9:59,10:20,35.6,9,13:49,14:09,834,872,853,light
pilot,2026/08/26,20260826_BLANK1,BLANK1,Turtle Bay,20260826_BLANK1_O2.csv,run1,3,1,9:59,10:20,35.6,10,14:16,14:36,905,940,922.5,light
pilot,2026/08/26,20260826_002A,002A,Turtle Bay,20260826_002A_O2.csv,run1,4,0,10:11,10:24,35.6,1,10:33,10:54,0,0,0,dark
pilot,2026/08/26,20260826_002A,002A,Turtle Bay,20260826_002A_O2.csv,run1,4,0,10:11,10:24,35.6,2,10:57,11:17,115,125,120,light
pilot,2026/08/26,20260826_002A,002A,Turtle Bay,20260826_002A_O2.csv,run1,4,0,10:11,10:24,35.6,3,11:20,11:40,223,242,232.5,light
pilot,2026/08/26,20260826_002A,002A,Turtle Bay,20260826_002A_O2.csv,run1,4,0,10:11,10:24,35.6,4,11:43,12:03,320,351,335.5,light
pilot,2026/08/26,20260826_002A,002A,Turtle Bay,20260826_002A_O2.csv,run1,4,0,10:11,10:24,35.6,5,12:09,12:29,445,485,465,light
pilot,2026/08/26,20260826_002A,002A,Turtle Bay,20260826_002A_O2.csv,run1,4,0,10:11,10:24,35.6,6,12:34,12:54,533,579,556,light
pilot,2026/08/26,20260826_002A,002A,Turtle Bay,20260826_002A_O2.csv,run1,4,0,10:11,10:24,35.6,7,12:59,13:19,642,692,667,light
pilot,2026/08/26,20260826_002A,002A,Turtle Bay,20260826_002A_O2.csv,run1,4,0,10:11,10:24,35.6,8,13:24,13:45,762,800,781,light
pilot,2026/08/26,20260826_002A,002A,Turtle Bay,20260826_002A_O2.csv,run1,4,0,10:11,10:24,35.6,9,13:49,14:09,834,872,853,light
pilot,2026/08/26,20260826_002A,002A,Turtle Bay,20260826_002A_O2.csv,run1,4,0,10:11,10:24,35.6,10,14:16,14:36,905,940,922.5,light