deployment_type,respo_date,sample_ID,tile_ID,site,measurement_name,run_block,channel_number,blank,light_dark,light_level,tile_in_water,chamber_sealed,chamber_salinity,start_time,end_time,TA_source_time,TA_sample_time,TA_sample_ID,notes
pilot,2026/09/09,20260909_003B_RUN1,003B,Turtle Bay,20260909_003B_RUN1_O2.csv,run1,1,0,dark,0,10:18,10:26,33.5,11:37,12:07,NA,NA,NA,
pilot,2026/09/09,20260909_BLANK_B_RUN1,BLANK_B_RUN1,Turtle Bay,20260909_BLANK_B_RUN1_O2.csv,run1,2,1,dark,0,10:10,10:18,33.5,11:37,12:07,NA,NA,NA,
pilot,2026/09/09,20260909_016A_RUN1,016A,Turtle Bay,20260909_016A_RUN1_O2.csv,run1,3,0,dark,0,10:22,10:33,33.5,11:37,12:07,NA,NA,NA,
pilot,2026/09/09,20260909_029A_RUN1,029A,Turtle Bay,20260909_029A_RUN1_O2.csv,run1,4,0,dark,0,10:10,10:36,33.5,11:37,12:07,NA,NA,NA,
pilot,2026/09/09,20260909_001A_RUN1,001A,Turtle Bay,20260909_001A_RUN1_O2.csv,run1,5,0,dark,0,10:32,10:40,33.5,11:37,12:07,NA,NA,NA,
pilot,2026/09/09,20260909_028B_RUN1,028B,Turtle Bay,20260909_028B_RUN1_O2.csv,run1,6,0,dark,0,10:42,10:51,33.5,11:37,12:07,NA,NA,NA,
pilot,2026/09/09,20260909_007B_RUN1,007B,Turtle Bay,20260909_007B_RUN1_O2.csv,run1,7,0,dark,0,10:30,10:36,33.5,11:37,12:07,NA,NA,NA,
pilot,2026/09/09,20260909_BLANK_W_RUN1,BLANK_W_RUN1,Turtle Bay,20260909_BLANK_W_RUN1_O2.csv,run1,8,1,dark,0,10:29,10:39,33.5,11:37,12:07,NA,NA,NA,
pilot,2026/09/09,20260909_003A_RUN1,003A,Turtle Bay,20260909_003A_RUN1_O2.csv,run1,9,0,dark,0,10:43,10:53,33.5,11:37,12:07,NA,NA,NA,
pilot,2026/09/09,20260909_001B_RUN1,001B,Turtle Bay,20260909_001B_RUN1_O2.csv,run1,10,0,dark,0,10:43,11:07,33.5,11:37,12:07,NA,NA,NA,
pilot,2026/09/09,20260909_012A_RUN1,012A,Turtle Bay,20260909_012A_RUN1_O2.csv,run1,11,0,dark,0,10:19,10:23,33.5,11:37,12:07,NA,NA,NA,
pilot,2026/09/09,20260909_002B_RUN1,002B,Turtle Bay,20260909_002B_RUN1_O2.csv,run1,12,0,dark,0,10:25,10:30,33.5,11:37,12:07,NA,NA,NA,
pilot,2026/09/09,20260909_003B_RUN1,003B,Turtle Bay,20260909_003B_RUN1_O2.csv,run1,1,0,light,430,12:13,12:15,33.6,13:15,14:16,12:10,14:23,20260909_tb_003B,
pilot,2026/09/09,20260909_BLANK_B_RUN1,BLANK_B_RUN1,Turtle Bay,20260909_BLANK_B_RUN1_O2.csv,run1,2,1,light,430,12:16,12:21,33.6,13:15,14:16,12:10,14:17,20260909_tb_BLANK_B_RUN1,
pilot,2026/09/09,20260909_016A_RUN1,016A,Turtle Bay,20260909_016A_RUN1_O2.csv,run1,3,0,light,436,12:18,12:35,33.6,13:15,14:16,12:10,14:52,20260909_tb_016A,
pilot,2026/09/09,20260909_029A_RUN1,029A,Turtle Bay,20260909_029A_RUN1_O2.csv,run1,4,0,light,436,12:27,12:30,33.6,13:15,14:16,12:10,14:48,20260909_tb_029A,
pilot,2026/09/09,20260909_001A_RUN1,001A,Turtle Bay,20260909_001A_RUN1_O2.csv,run1,5,0,light,430,12:23,12:27,33.6,13:15,14:16,12:10,14:20,20260909_tb_001A,
pilot,2026/09/09,20260909_028B_RUN1,028B,Turtle Bay,20260909_028B_RUN1_O2.csv,run1,6,0,light,430,12:28,12:31,33.6,13:15,14:16,12:10,14:19,20260909_tb_028B,
pilot,2026/09/09,20260909_007B_RUN1,007B,Turtle Bay,20260909_007B_RUN1_O2.csv,run1,7,0,light,425,12:33,12:37,33.6,13:15,14:16,12:10,14:33,20260909_tb_007B,
pilot,2026/09/09,20260909_BLANK_W_RUN1,BLANK_W_RUN1,Turtle Bay,20260909_BLANK_W_RUN1_O2.csv,run1,8,1,light,425,12:39,12:42,33.6,13:15,14:16,12:10,14:31,20260909_tb_BLANK_W_RUN1,
pilot,2026/09/09,20260909_003A_RUN1,003A,Turtle Bay,20260909_003A_RUN1_O2.csv,run1,9,0,light,433,12:36,12:44,33.6,13:15,14:16,12:10,14:46,20260909_tb_003A,
pilot,2026/09/09,20260909_001B_RUN1,001B,Turtle Bay,20260909_001B_RUN1_O2.csv,run1,10,0,light,433,12:43,12:51,33.6,13:15,14:16,12:10,14:42,20260909_tb_001B,
pilot,2026/09/09,20260909_012A_RUN1,012A,Turtle Bay,20260909_012A_RUN1_O2.csv,run1,11,0,light,435,12:41,12:45,33.6,13:15,14:16,12:10,14:29,20260909_tb_012A,
pilot,2026/09/09,20260909_002B_RUN1,002B,Turtle Bay,20260909_002B_RUN1_O2.csv,run1,12,0,light,435,12:44,12:53,33.6,13:15,14:16,12:10,14:35,20260909_tb_002B,
pilot,2026/09/09,20260909_004B_RUN2,004B,Turtle Bay,20260909_004B_RUN2_O2.csv,run2,1,0,dark,0,14:28,14:35,33.5,15:18,15:48,NA,NA,NA,
pilot,2026/09/09,20260909_028A_RUN2,028A,Turtle Bay,20260909_028A_RUN2_O2.csv,run2,2,0,dark,0,14:37,14:46,33.5,15:18,15:48,NA,NA,NA,
pilot,2026/09/09,20260909_027A_RUN2,027A,Turtle Bay,20260909_027A_RUN2_O2.csv,run2,3,0,dark,0,14:54,14:59,33.5,15:18,15:48,NA,NA,NA,
pilot,2026/09/09,20260909_026B_RUN2,026B,Turtle Bay,20260909_026B_RUN2_O2.csv,run2,4,0,dark,0,14:59,15:02,33.5,15:18,15:48,NA,NA,NA,
pilot,2026/09/09,20260909_BLANK_W_RUN2,BLANK_W_RUN2,Turtle Bay,20260909_BLANK_W_RUN2_O2.csv,run2,5,1,dark,0,14:32,14:39,33.5,15:18,15:48,NA,NA,NA,
pilot,2026/09/09,20260909_026A_RUN2,026A,Turtle Bay,20260909_026A_RUN2_O2.csv,run2,6,0,dark,0,14:24,14:30,33.5,15:18,15:48,NA,NA,NA,
pilot,2026/09/09,20260909_027B_RUN2,027B,Turtle Bay,20260909_027B_RUN2_O2.csv,run2,7,0,dark,0,14:42,14:46,33.5,15:18,15:48,NA,NA,NA,
pilot,2026/09/09,20260909_005B_RUN2,005B,Turtle Bay,20260909_005B_RUN2_O2.csv,run2,8,0,dark,0,14:48,14:52,33.5,15:18,15:48,NA,NA,NA,
pilot,2026/09/09,20260909_006A_RUN2,006A,Turtle Bay,20260909_006A_RUN2_O2.csv,run2,9,0,dark,0,14:57,15:04,33.5,15:18,15:48,NA,NA,NA,
pilot,2026/09/09,20260909_BLANK_B_RUN2,BLANK_B_RUN2,Turtle Bay,20260909_BLANK_B_RUN2_O2.csv,run2,10,1,dark,0,14:48,14:54,33.5,15:18,15:48,NA,NA,NA,
pilot,2026/09/09,20260909_030B_RUN2,030B,Turtle Bay,20260909_030B_RUN2_O2.csv,run2,11,0,dark,0,14:57,15:04,33.5,15:18,15:48,NA,NA,NA,
pilot,2026/09/09,20260909_014A_RUN2,014A,Turtle Bay,20260909_014A_RUN2_O2.csv,run2,12,0,dark,0,14:42,14:54,33.5,15:18,15:48,NA,NA,NA,
pilot,2026/09/09,20260909_004B_RUN2,004B,Turtle Bay,20260909_004B_RUN2_O2.csv,run2,1,0,light,452,15:53,15:59,33.7,16:29,17:31,15:39,17:32,20260909_tb_004B,
pilot,2026/09/09,20260909_028A_RUN2,028A,Turtle Bay,20260909_028A_RUN2_O2.csv,run2,2,0,light,452,15:55,16:04,33.7,16:29,17:31,15:39,17:33,20260909_tb_028A,
pilot,2026/09/09,20260909_027A_RUN2,027A,Turtle Bay,20260909_027A_RUN2_O2.csv,run2,3,0,light,411,16:23,16:27,33.7,16:29,17:31,15:39,17:34,20260909_tb_027A,
pilot,2026/09/09,20260909_026B_RUN2,026B,Turtle Bay,20260909_026B_RUN2_O2.csv,run2,4,0,light,411,16:19,16:23,33.7,16:29,17:31,15:39,17:34,20260909_tb_026B,
pilot,2026/09/09,20260909_BLANK_W_RUN2,BLANK_W_RUN2,Turtle Bay,20260909_BLANK_W_RUN2_O2.csv,run2,5,1,light,436,16:06,16:15,33.7,16:29,17:31,15:39,17:36,20260909_tb_BLANK_W_RUN2,
pilot,2026/09/09,20260909_026A_RUN2,026A,Turtle Bay,20260909_026A_RUN2_O2.csv,run2,6,0,light,436,16:08,16:20,33.7,16:29,17:31,15:39,17:37,20260909_tb_026A,
pilot,2026/09/09,20260909_027B_RUN2,027B,Turtle Bay,20260909_027B_RUN2_O2.csv,run2,7,0,light,430,15:58,16:07,33.7,16:29,17:31,15:39,17:38,20260909_tb_027B,
pilot,2026/09/09,20260909_005B_RUN2,005B,Turtle Bay,20260909_005B_RUN2_O2.csv,run2,8,0,light,430,15:51,16:06,33.7,16:29,17:31,15:39,17:41,20260909_tb_005B,
pilot,2026/09/09,20260909_006A_RUN2,006A,Turtle Bay,20260909_006A_RUN2_O2.csv,run2,9,0,light,432,16:13,16:22,33.7,16:29,17:31,15:39,17:44,20260909_tb_006A,
pilot,2026/09/09,20260909_BLANK_B_RUN2,BLANK_B_RUN2,Turtle Bay,20260909_BLANK_B_RUN2_O2.csv,run2,10,1,light,432,16:20,16:26,33.7,16:29,17:31,15:39,17:45,20260909_tb_BLANK_B_RUN2,
pilot,2026/09/09,20260909_030B_RUN2,030B,Turtle Bay,20260909_030B_RUN2_O2.csv,run2,11,0,light,430,16:09,16:14,33.7,16:29,17:31,15:39,17:47,20260909_tb_030B,
pilot,2026/09/09,20260909_014A_RUN2,014A,Turtle Bay,20260909_014A_RUN2_O2.csv,run2,12,0,light,430,16:09,16:17,33.7,16:29,17:31,15:39,17:49,20260909_tb_014A,