sample_ID,intercept,umol_liter_sec,temp_C,light_level,average_PAR
20260826_005A,197.67822246197,-0.0027872000369896406,26.06209259259259,1,0
20260826_005A,193.15290684309008,0.0036709375227819436,26.222392156862746,2,120
20260826_005A,198.27372961283697,0.006612188886745033,26.366411764705884,3,232.5
20260826_005A,207.56807068497952,0.007844055638176835,26.387166666666666,4,335.5
20260826_005A,219.89839305420313,0.008706329113924076,26.414666666666665,5,465
20260826_005A,233.26757294097297,0.007863086595799955,26.37606862745098,6,556
20260826_005A,245.25238677526826,0.00794432728619039,26.300598039215686,7,667
20260826_005A,257.1052776576574,0.006706483641536441,26.388175925925925,8,781
20260826_005A,266.9448758238528,0.006938203685823498,26.567872549019608,9,853
20260826_005A,278.18643137667453,0.0067672003009263,26.375098039215686,10,922.5
20260826_010A,196.3561875492926,-0.0034274120616224943,25.75984259259259,1,0
20260826_010A,191.11761698717953,0.002791872710622685,25.962411764705884,2,120
20260826_010A,195.02655223880592,0.005926865671641823,26.116911764705883,3,232.5
20260826_010A,203.36340567093401,0.0077571038406828415,26.1211568627451,4,335.5
20260826_010A,215.80093962999032,0.009162877312560835,26.147088235294117,5,465
20260826_010A,229.8448204712759,0.008428204360536883,26.10921568627451,6,556
20260826_010A,242.25732294858707,0.008469875723527386,26.05627450980392,7,667
20260826_010A,254.89155089373622,0.0076336934141029034,26.122888888888887,8,781
20260826_010A,266.1569482229798,0.007728171859785703,26.301235294117646,9,853
20260826_010A,277.6975403296818,0.007895659716107303,26.062774509803923,10,922.5
20260826_BLANK1,202.83427427184478,-6.492718446602423e-4,25.953935185185184,1,0
20260826_BLANK1,201.87361003652734,-8.326834455866843e-4,26.107274509803922,2,120
20260826_BLANK1,200.7197849561891,-0.0010301431568555026,26.20556862745098,3,232.5
20260826_BLANK1,199.31942576823403,-0.0010991453782549752,26.198196078431373,4,335.5
20260826_BLANK1,197.53518924971996,-0.0011913101903695156,26.25256862745098,5,465
20260826_BLANK1,195.70631549232172,-0.0012697628726287724,26.30023529411765,6,556
20260826_BLANK1,193.69049073438575,-0.0012752916952642511,26.367078431372548,7,667
20260826_BLANK1,191.95334399326754,-0.0015961182411109293,26.182861111111112,8,781
20260826_BLANK1,189.45694251615646,-0.001441895372423244,26.39127450980392,9,853
20260826_BLANK1,187.25869125132053,-0.0015457044079516208,26.23499019607843,10,922.5
20260826_002A,201.17018251366127,-0.0038616393442623322,25.860796296296297,1,0
20260826_002A,194.9651033990884,0.0014219914413944783,26.057029411764706,2,120
20260826_002A,196.77777650663944,0.004122926455566905,26.168764705882353,3,232.5
20260826_002A,202.48889684210508,0.006158775119617299,26.165686274509802,4,335.5
20260826_002A,212.35700497379125,0.00751795806639496,26.237313725490196,5,465
20260826_002A,223.60074471174886,0.00811096142069803,26.288833333333333,6,556
20260826_002A,235.8074688240178,0.008149983081608296,26.361039215686276,7,667
20260826_002A,248.58207696990044,0.008317373326056879,26.173,8,781
20260826_002A,260.9054457556937,0.008273229813664554,26.380901960784314,9,853
20260826_002A,275.56087641196007,0.008130429939417698,26.21627450980392,10,922.5
