sample_ID,intercept,umol_liter_sec,temp_C,run_block,light_dark,light_level
20260909_003B_RUN1,199.85714383368565,-0.0019305355884425522,25.72625925925926,run1,dark,0
20260909_BLANK_B_RUN1,203.26493007518815,-1.0374060150382626e-4,25.53374074074074,run1,dark,0
20260909_016A_RUN1,201.68241880749696,-0.0018238853685536187,26.12146913580247,run1,dark,0
20260909_029A_RUN1,196.5068371838687,-0.0023230280246069514,26.198666666666668,run1,dark,0
20260909_001A_RUN1,197.3094076143346,-0.0026534080932236834,25.892728395061727,run1,dark,0
20260909_028B_RUN1,198.33851247654786,-0.0020935131332082686,25.894296296296297,run1,dark,0
20260909_007B_RUN1,197.6984865384616,-0.0022778365384615506,26.065901234567903,run1,dark,0
20260909_BLANK_W_RUN1,213.6347142857143,2.7008928571420683e-5,25.92267901234568,run1,dark,0
20260909_003A_RUN1,202.19655870445345,-0.0020408906882591372,26.080098765432098,run1,dark,0
20260909_001B_RUN1,199.25035445804195,-0.002216667395104899,26.11253086419753,run1,dark,0
20260909_012A_RUN1,199.11759654249596,-0.0018909225137654117,25.985975308641976,run1,dark,0
20260909_002B_RUN1,203.3748906343379,-0.002096350209169286,26.103617283950616,run1,dark,0
20260909_003B_RUN1,240.6367525958762,0.00819020079049598,26.51528735632184,run1,light,430
20260909_BLANK_B_RUN1,201.60269752017095,-3.741878551340137e-4,26.303833333333333,run1,light,430
20260909_016A_RUN1,235.49814918339413,0.0076058618422932935,26.448385057471263,run1,light,436
20260909_029A_RUN1,231.89281754838703,0.008444632258064523,26.407413793103448,run1,light,436
20260909_001A_RUN1,231.766423250384,0.008920186789554531,26.38042528735632,run1,light,430
20260909_028B_RUN1,231.1984137139109,0.008784820256842879,26.558793103448277,run1,light,430
20260909_007B_RUN1,229.8606885179788,0.009040115226690267,26.51652298850575,run1,light,425
20260909_BLANK_W_RUN1,210.8397909343835,-3.9161572522972864e-4,26.311724137931034,run1,light,425
20260909_003A_RUN1,219.42507371280138,0.007165801842229535,26.26683908045977,run1,light,433
20260909_001B_RUN1,210.56852529020318,0.006099559846020717,26.530080459770115,run1,light,433
20260909_012A_RUN1,227.7055129518811,0.009145014173228334,26.37455172413793,run1,light,435
20260909_002B_RUN1,227.28081450160315,0.008991199534332087,26.427097701149425,run1,light,435
20260909_004B_RUN2,200.76465978565346,-0.0032012513701132903,25.808025,run2,dark,0
20260909_028A_RUN2,195.89851030652378,-0.0032405895713249868,25.5507375,run2,dark,0
20260909_027A_RUN2,207.2315681599407,-0.0031334883376527003,26.0317375,run2,dark,0
20260909_026B_RUN2,206.18597499999993,-0.0038120776098900886,25.8598375,run2,dark,0
20260909_BLANK_W_RUN2,207.0129949201743,-4.832002902758078e-4,25.826625,run2,dark,0
20260909_026A_RUN2,199.6929429175477,-0.003036321353065587,25.8832125,run2,dark,0
20260909_027B_RUN2,201.8134071384831,-0.003049329892397877,25.8935375,run2,dark,0
20260909_005B_RUN2,209.60869918642283,-0.003945359986002952,25.837175,run2,dark,0
20260909_006A_RUN2,206.5579679946448,-0.0032456795484151722,25.7591125,run2,dark,0
20260909_BLANK_B_RUN2,205.76475364754606,-5.439660211911192e-4,26.0603125,run2,dark,0
20260909_030B_RUN2,206.19618519959252,-0.0030280828007780074,25.863599999999998,run2,dark,0
20260909_014A_RUN2,210.740967506938,-0.003908042321924148,25.76585,run2,dark,0
20260909_004B_RUN2,227.57375935934786,0.007474251019219544,26.431607954545456,run2,light,452
20260909_028A_RUN2,222.2757253711936,0.008604894474010414,26.025181818181817,run2,light,452
20260909_027A_RUN2,208.66613634762192,0.00993341055890673,26.29847159090909,run2,light,411
20260909_026B_RUN2,208.71035380546576,0.007647962931866848,26.426488636363636,run2,light,411
20260909_BLANK_W_RUN2,206.46323959509422,-7.254496792368182e-4,26.190869318181818,run2,light,436
20260909_026A_RUN2,217.1552788629598,0.011011645059060791,26.30653409090909,run2,light,436
20260909_027B_RUN2,223.15998160140924,0.007505533464300193,26.478897727272727,run2,light,430
20260909_005B_RUN2,226.316205456221,0.007721206758832595,26.356522727272726,run2,light,430
20260909_006A_RUN2,212.5616953224119,0.008280540606483104,26.373045454545455,run2,light,432
20260909_BLANK_B_RUN2,204.05263212410952,-6.410286604799488e-4,26.492068181818183,run2,light,432
20260909_030B_RUN2,217.99793600973223,0.009145249272458392,26.167960227272726,run2,light,430
20260909_014A_RUN2,217.35075485914047,0.009395813365175821,26.524375,run2,light,430
