respo_date,sample_ID,tile_ID,treatment,run_block,surface_area_cm2,dry_weight_g,channel_number,PR,values
2026-09-09,20260909_003B_RUN1,003B,black,run1,51.166,0.783,1,respiration,0.31882716598833616
2026-09-09,20260909_003B_RUN1,003B,black,run1,51.166,0.783,1,net_photosynthesis,1.4457711663375434
2026-09-09,20260909_003B_RUN1,003B,black,run1,51.166,0.783,1,gross_photosynthesis,1.7645983323258796
2026-09-09,20260909_016A_RUN1,016A,white,run1,51.912,0.874,3,respiration,0.2989278470776359
2026-09-09,20260909_016A_RUN1,016A,white,run1,51.912,0.874,3,net_photosynthesis,1.3379236865314859
2026-09-09,20260909_016A_RUN1,016A,white,run1,51.912,0.874,3,gross_photosynthesis,1.6368515336091218
2026-09-09,20260909_029A_RUN1,029A,white,run1,54.125,1.473,4,respiration,0.371362822632627
2026-09-09,20260909_029A_RUN1,029A,white,run1,54.125,1.473,4,net_photosynthesis,1.4342389656846097
2026-09-09,20260909_029A_RUN1,029A,white,run1,54.125,1.473,4,gross_photosynthesis,1.8056017883172366
2026-09-09,20260909_001A_RUN1,001A,white,run1,50.388,1.289,5,respiration,0.44540852765951544
2026-09-09,20260909_001A_RUN1,001A,white,run1,50.388,1.289,5,net_photosynthesis,1.5860453944081894
2026-09-09,20260909_001A_RUN1,001A,white,run1,50.388,1.289,5,gross_photosynthesis,2.031453922067705
2026-09-09,20260909_028B_RUN1,028B,black,run1,56.092,1.494,6,respiration,0.31508361266157414
2026-09-09,20260909_028B_RUN1,028B,black,run1,56.092,1.494,6,net_photosynthesis,1.4068588220815927
2026-09-09,20260909_028B_RUN1,028B,black,run1,56.092,1.494,6,gross_photosynthesis,1.7219424347431669
2026-09-09,20260909_007B_RUN1,007B,black,run1,51.152,1.265,7,respiration,0.38052459080141277
2026-09-09,20260909_007B_RUN1,007B,black,run1,51.152,1.265,7,net_photosynthesis,1.6015736107907756
2026-09-09,20260909_007B_RUN1,007B,black,run1,51.152,1.265,7,gross_photosynthesis,1.9820982015921884
2026-09-09,20260909_003A_RUN1,003A,white,run1,55.407,1.177,9,respiration,0.315448566278473
2026-09-09,20260909_003A_RUN1,003A,white,run1,55.407,1.177,9,net_photosynthesis,1.189134615499638
2026-09-09,20260909_003A_RUN1,003A,white,run1,55.407,1.177,9,gross_photosynthesis,1.504583181778111
2026-09-09,20260909_001B_RUN1,001B,black,run1,53.799,1.276,10,respiration,0.3620035598180773
2026-09-09,20260909_001B_RUN1,001B,black,run1,53.799,1.276,10,net_photosynthesis,1.0753299710019624
2026-09-09,20260909_001B_RUN1,001B,black,run1,53.799,1.276,10,gross_photosynthesis,1.4373335308200397
2026-09-09,20260909_012A_RUN1,012A,white,run1,50.177,0.847,11,respiration,0.3239996755905175
2026-09-09,20260909_012A_RUN1,012A,white,run1,50.177,0.847,11,net_photosynthesis,1.6659603394765539
2026-09-09,20260909_012A_RUN1,012A,white,run1,50.177,0.847,11,gross_photosynthesis,1.9899600150670713
2026-09-09,20260909_002B_RUN1,002B,black,run1,50.964,0.817,12,respiration,0.3503760356093483
2026-09-09,20260909_002B_RUN1,002B,black,run1,50.964,0.817,12,net_photosynthesis,1.5965965590713713
2026-09-09,20260909_002B_RUN1,002B,black,run1,50.964,0.817,12,gross_photosynthesis,1.9469725946807197
2026-09-09,20260909_004B_RUN2,004B,black,run2,52.951,1.172,1,respiration,0.44010336304626857
2026-09-09,20260909_004B_RUN2,004B,black,run2,52.951,1.172,1,net_photosynthesis,1.3398508876291195
2026-09-09,20260909_004B_RUN2,004B,black,run2,52.951,1.172,1,gross_photosynthesis,1.779954250675388
2026-09-09,20260909_028A_RUN2,028A,white,run2,57.269,1.201,2,respiration,0.4192045902081912
2026-09-09,20260909_028A_RUN2,028A,white,run2,57.269,1.201,2,net_photosynthesis,1.4271681791835658
2026-09-09,20260909_028A_RUN2,028A,white,run2,57.269,1.201,2,gross_photosynthesis,1.8463727693917569
2026-09-09,20260909_027A_RUN2,027A,white,run2,49.791,0.889,3,respiration,0.45643401171663567
2026-09-09,20260909_027A_RUN2,027A,white,run2,49.791,0.889,3,net_photosynthesis,1.854818836588121
2026-09-09,20260909_027A_RUN2,027A,white,run2,49.791,0.889,3,gross_photosynthesis,2.3112528483047567
2026-09-09,20260909_026B_RUN2,026B,black,run2,53.233,0.704,4,respiration,0.5436778133171848
2026-09-09,20260909_026B_RUN2,026B,black,run2,53.233,0.704,4,net_photosynthesis,1.3735249629709558
2026-09-09,20260909_026B_RUN2,026B,black,run2,53.233,0.704,4,gross_photosynthesis,1.9172027762881405
2026-09-09,20260909_026A_RUN2,026A,white,run2,54.12,1.373,6,respiration,0.39845794833929304
2026-09-09,20260909_026A_RUN2,026A,white,run2,54.12,1.373,6,net_photosynthesis,1.8584227585501214
2026-09-09,20260909_026A_RUN2,026A,white,run2,54.12,1.373,6,gross_photosynthesis,2.2568807068894143
2026-09-09,20260909_027B_RUN2,027B,black,run2,53.578,1.064,7,respiration,0.4125650123271462
2026-09-09,20260909_027B_RUN2,027B,black,run2,53.578,1.064,7,net_photosynthesis,1.3347926469215847
2026-09-09,20260909_027B_RUN2,027B,black,run2,53.578,1.064,7,gross_photosynthesis,1.747357659248731
2026-09-09,20260909_005B_RUN2,005B,black,run2,55.146,0.944,8,respiration,0.5370158930247843
2026-09-09,20260909_005B_RUN2,005B,black,run2,55.146,0.944,8,net_photosynthesis,1.3198931694544116
2026-09-09,20260909_005B_RUN2,005B,black,run2,55.146,0.944,8,gross_photosynthesis,1.856909062479196
2026-09-09,20260909_006A_RUN2,006A,white,run2,52.132,0.758,9,respiration,0.4580097245332299
2026-09-09,20260909_006A_RUN2,006A,white,run2,52.132,0.758,9,net_photosynthesis,1.504457579201607
2026-09-09,20260909_006A_RUN2,006A,white,run2,52.132,0.758,9,gross_photosynthesis,1.962467303734837
2026-09-09,20260909_030B_RUN2,030B,black,run2,56.086,0.589,11,respiration,0.3937245942278712
2026-09-09,20260909_030B_RUN2,030B,black,run2,56.086,0.589,11,net_photosynthesis,1.5391378044912902
2026-09-09,20260909_030B_RUN2,030B,black,run2,56.086,0.589,11,gross_photosynthesis,1.9328623987191613
2026-09-09,20260909_014A_RUN2,014A,white,run2,53.492,0.916,12,respiration,0.5428514478028696
2026-09-09,20260909_014A_RUN2,014A,white,run2,53.492,0.916,12,net_photosynthesis,1.6201425792048083
2026-09-09,20260909_014A_RUN2,014A,white,run2,53.492,0.916,12,gross_photosynthesis,2.162994027007678
